BoxCox, Ordre : , 4, Lambda : 4.0
 X , Y 
1.0,-0.2397484375
2.0,-0.2429355975
3.0,-0.2453145975
4.0,-0.2330869975
5.0,-0.2271234375
6.0,-0.2355879975
7.0,-0.24062976
8.0,-0.20537343749999998
9.0,-0.18281536
10.0,-0.20805696
11.0,-0.23672896
12.0,534.2843999999999
