Logarithme, Ordre : , 4, Lambda : 4.0
 X , Y 
1.0,-0.7985076962177716
3.0,-0.9942522733438669
4.0,-0.6733445532637656
5.0,-0.5978370007556204
6.0,-0.7133498878774648
7.0,-0.8209805520698302
8.0,-0.4307829160924542
9.0,-0.3285040669720361
10.0,-0.4462871026284195
11.0,-0.7339691750802004
12.0,1.916922612182061
